date,line,planned_output_qty,actual_output_qty,good_qty,defect_qty,planned_minutes,actual_operating_minutes
2026-05-01,Aライン,1210,1133,1116,17,480,441.2
2026-05-04,Aライン,1169,1120,1093,27,480,459.6
2026-05-05,Aライン,1231,1140,1112,28,480,450.7
2026-05-06,Aライン,1213,1199,1176,23,480,455.2
2026-05-07,Aライン,1195,1117,1092,25,480,443.1
2026-05-08,Aライン,1208,1158,1134,24,480,452.3
2026-05-11,Aライン,1147,1057,1037,20,480,448.1
2026-05-12,Aライン,1187,1135,1110,25,480,452.8
2026-05-13,Aライン,1154,1069,1047,22,480,440.3
2026-05-14,Aライン,1188,1119,1098,21,480,455.6
2026-05-15,Aライン,1217,1152,1131,21,480,455.5
2026-05-18,Aライン,1164,1095,1069,26,480,455.0
2026-05-19,Aライン,1165,1049,1027,22,480,447.9
2026-05-20,Aライン,1180,1150,1128,22,480,453.4
2026-05-21,Aライン,1230,1137,1117,20,480,454.6
2026-05-22,Aライン,1191,1091,1067,24,480,437.1
2026-05-25,Aライン,1123,1052,1034,18,480,453.8
2026-05-26,Aライン,1162,1052,1026,26,480,435.1
2026-05-27,Aライン,1165,1060,1037,23,480,444.2
2026-05-28,Aライン,1198,1100,1083,17,480,444.9
2026-05-29,Aライン,1195,1135,1115,20,480,453.9
2026-06-01,Aライン,1155,1090,1070,20,480,438.1
2026-06-02,Aライン,1167,1111,1091,20,480,457.4
2026-06-03,Aライン,1126,1031,1014,17,480,450.7
2026-06-04,Aライン,1182,1115,1090,25,480,448.1
2026-06-05,Aライン,1206,1112,1084,28,480,440.8
2026-06-08,Aライン,1178,1098,1080,18,480,454.2
2026-06-09,Aライン,1279,1215,1193,22,480,446.1
2026-06-10,Aライン,1160,1106,1087,19,480,468.8
2026-06-11,Aライン,1227,1160,1143,17,480,455.4
2026-06-12,Aライン,1216,1175,1154,21,480,460.9
2026-06-15,Aライン,1301,1287,1267,20,480,471.3
2026-06-16,Aライン,1209,1169,1147,22,480,455.8
2026-06-17,Aライン,1189,1118,1094,24,480,450.2
2026-06-18,Aライン,1186,1110,1095,15,480,434.3
2026-06-19,Aライン,1187,1186,1161,25,480,463.7
2026-06-22,Aライン,1189,1141,1125,16,480,451.8
2026-06-23,Aライン,1227,1160,1140,20,480,468.7
2026-06-24,Aライン,1174,1053,1036,17,480,441.5
2026-06-25,Aライン,1117,1065,1042,23,480,454.1
2026-06-26,Aライン,1253,1173,1150,23,480,454.7
2026-06-29,Aライン,1168,1102,1080,22,480,449.8
2026-06-30,Aライン,1170,1104,1081,23,480,453.1
2026-07-01,Aライン,1192,1062,1044,18,480,432.0
2026-07-02,Aライン,1171,1117,1102,15,480,455.4
2026-07-03,Aライン,1225,1160,1139,21,480,452.5
2026-07-06,Aライン,1185,1023,1011,12,480,407.8
2026-07-07,Aライン,1226,1170,1147,23,480,448.5
2026-07-08,Aライン,1248,1161,1146,15,480,452.1
2026-07-09,Aライン,1150,1100,1082,18,480,455.0
2026-07-10,Aライン,1161,1072,1053,19,480,444.9
2026-07-13,Aライン,1238,1164,1145,19,480,448.0
2026-07-14,Aライン,1205,1166,1147,19,480,461.5
2026-07-15,Aライン,1159,1120,1099,21,480,446.8
2026-07-16,Aライン,1206,1173,1157,16,480,457.1
2026-07-17,Aライン,1203,1140,1124,16,480,456.8
2026-07-20,Aライン,1223,1169,1149,20,480,461.6
2026-07-21,Aライン,1128,1044,1029,15,480,436.8
2026-07-22,Aライン,1215,1093,1077,16,480,445.8
2026-07-23,Aライン,1224,1170,1154,16,480,444.6
2026-07-24,Aライン,1184,1153,1131,22,480,465.2
2026-07-27,Aライン,1143,1113,1102,11,480,457.3
2026-07-28,Aライン,1193,1119,1104,15,480,448.8
2026-07-29,Aライン,1210,1179,1163,16,480,470.7
2026-05-01,Bライン,924,821,794,27,480,426.5
2026-05-04,Bライン,965,861,828,33,480,429.0
2026-05-05,Bライン,985,829,804,25,480,424.8
2026-05-06,Bライン,916,825,801,24,480,419.2
2026-05-07,Bライン,902,771,740,31,480,414.9
2026-05-08,Bライン,986,874,839,35,480,421.2
2026-05-11,Bライン,956,810,787,23,480,413.5
2026-05-12,Bライン,937,824,793,31,480,427.5
2026-05-13,Bライン,881,805,785,20,480,442.7
2026-05-14,Bライン,966,882,841,41,480,432.2
2026-05-15,Bライン,900,833,804,29,480,428.8
2026-05-18,Bライン,925,821,800,21,480,428.9
2026-05-19,Bライン,901,764,748,16,480,411.7
2026-05-20,Bライン,973,879,847,32,480,430.6
2026-05-21,Bライン,985,857,829,28,480,422.2
2026-05-22,Bライン,937,855,835,20,480,430.2
2026-05-25,Bライン,923,813,789,24,480,425.3
2026-05-26,Bライン,965,854,822,32,480,425.1
2026-05-27,Bライン,905,801,774,27,480,433.8
2026-05-28,Bライン,991,867,843,24,480,429.9
2026-05-29,Bライン,957,868,846,22,480,428.7
2026-06-01,Bライン,896,827,797,30,480,428.2
2026-06-02,Bライン,921,876,851,25,480,446.9
2026-06-03,Bライン,968,881,860,21,480,434.3
2026-06-04,Bライン,999,941,910,31,480,440.2
2026-06-05,Bライン,912,594,574,20,480,307.2
2026-06-08,Bライン,945,835,806,29,480,420.0
2026-06-09,Bライン,979,853,824,29,480,427.6
2026-06-10,Bライン,914,804,780,24,480,424.1
2026-06-11,Bライン,938,820,795,25,480,429.5
2026-06-12,Bライン,889,758,734,24,480,409.3
2026-06-15,Bライン,917,794,770,24,480,423.6
2026-06-16,Bライン,951,882,852,30,480,444.0
2026-06-17,Bライン,939,827,800,27,480,422.5
2026-06-18,Bライン,968,841,814,27,480,417.8
2026-06-19,Bライン,933,678,656,22,480,344.1
2026-06-22,Bライン,947,858,836,22,480,426.9
2026-06-23,Bライン,937,773,751,22,480,403.2
2026-06-24,Bライン,930,786,760,26,480,418.9
2026-06-25,Bライン,1008,893,870,23,480,425.0
2026-06-26,Bライン,978,875,846,29,480,438.3
2026-06-29,Bライン,953,868,842,26,480,421.7
2026-06-30,Bライン,962,884,855,29,480,438.4
2026-07-01,Bライン,956,888,860,28,480,435.7
2026-07-02,Bライン,846,730,712,18,480,410.7
2026-07-03,Bライン,949,854,832,22,480,431.1
2026-07-06,Bライン,942,824,801,23,480,420.1
2026-07-07,Bライン,920,815,789,26,480,437.8
2026-07-08,Bライン,960,872,847,25,480,433.3
2026-07-09,Bライン,987,889,862,27,480,426.1
2026-07-10,Bライン,938,852,825,27,480,433.3
2026-07-13,Bライン,991,853,832,21,480,422.4
2026-07-14,Bライン,959,870,853,17,480,430.2
2026-07-15,Bライン,979,885,858,27,480,438.6
2026-07-16,Bライン,972,895,867,28,480,433.7
2026-07-17,Bライン,965,819,796,23,480,418.0
2026-07-20,Bライン,954,864,840,24,480,431.1
2026-07-21,Bライン,948,847,824,23,480,416.9
2026-07-22,Bライン,923,872,850,22,480,429.4
2026-07-23,Bライン,951,824,806,18,480,428.3
2026-07-24,Bライン,972,889,858,31,480,428.9
2026-07-27,Bライン,967,853,827,26,480,432.9
2026-07-28,Bライン,992,873,849,24,480,424.6
2026-07-29,Bライン,921,672,654,18,480,352.1
2026-05-01,Cライン,1311,1153,1115,38,480,428.2
2026-05-04,Cライン,1396,1211,1188,23,480,436.8
2026-05-05,Cライン,1383,1291,1251,40,480,446.6
2026-05-06,Cライン,1400,1277,1248,29,480,450.9
2026-05-07,Cライン,1363,1296,1263,33,480,460.4
2026-05-08,Cライン,1396,1229,1194,35,480,421.4
2026-05-11,Cライン,1426,1289,1253,36,480,436.7
2026-05-12,Cライン,1389,1335,1306,29,480,444.0
2026-05-13,Cライン,1379,1250,1220,30,480,440.8
2026-05-14,Cライン,1437,1275,1255,20,480,432.1
2026-05-15,Cライン,1455,1333,1294,39,480,436.4
2026-05-18,Cライン,1423,1281,1253,28,480,442.2
2026-05-19,Cライン,1366,1259,1218,41,480,437.1
2026-05-20,Cライン,1443,1267,1235,32,480,437.5
2026-05-21,Cライン,1412,1284,1251,33,480,429.8
2026-05-22,Cライン,1433,1288,1259,29,480,432.5
2026-05-25,Cライン,1460,1301,1268,33,480,433.2
2026-05-26,Cライン,1450,1276,1243,33,480,416.0
2026-05-27,Cライン,1434,1299,1276,23,480,438.4
2026-05-28,Cライン,1351,1153,1121,32,480,427.5
2026-05-29,Cライン,1451,1210,1176,34,480,410.1
2026-06-01,Cライン,1391,1306,1277,29,480,440.4
2026-06-02,Cライン,1440,1315,1278,37,480,439.6
2026-06-03,Cライン,1417,1359,1311,48,480,454.7
2026-06-04,Cライン,1377,1232,1205,27,480,426.9
2026-06-05,Cライン,1345,1244,1215,29,480,440.2
2026-06-08,Cライン,1438,1249,1217,32,480,420.2
2026-06-09,Cライン,1336,1198,1169,29,480,444.8
2026-06-10,Cライン,1461,1356,1324,32,480,448.6
2026-06-11,Cライン,1414,1298,1269,29,480,428.0
2026-06-12,Cライン,1392,1313,1283,30,480,442.3
2026-06-15,Cライン,1410,1314,1284,30,480,443.1
2026-06-16,Cライン,1364,1327,1295,32,480,458.2
2026-06-17,Cライン,1407,1277,1244,33,480,428.1
2026-06-18,Cライン,1331,1206,1190,16,480,439.1
2026-06-19,Cライン,1341,1266,1226,40,480,450.6
2026-06-22,Cライン,1421,1327,1296,31,480,435.8
2026-06-23,Cライン,1440,1301,1266,35,480,429.8
2026-06-24,Cライン,1325,1208,1189,19,480,437.9
2026-06-25,Cライン,1383,1320,1289,31,480,453.2
2026-06-26,Cライン,1342,1214,1186,28,480,440.0
2026-06-29,Cライン,1413,1223,1197,26,480,425.8
2026-06-30,Cライン,1420,1281,1251,30,480,416.6
2026-07-01,Cライン,1329,1246,1219,27,480,438.8
2026-07-02,Cライン,1392,1284,1256,28,480,432.7
2026-07-03,Cライン,1441,1253,1222,31,480,425.6
2026-07-06,Cライン,1435,1348,1319,29,480,439.1
2026-07-07,Cライン,1334,1185,1164,21,480,429.8
2026-07-08,Cライン,1393,1236,1213,23,480,433.0
2026-07-09,Cライン,1430,1250,1221,29,480,421.6
2026-07-10,Cライン,1443,1056,1031,25,480,352.6
2026-07-13,Cライン,1439,1245,1224,21,480,427.3
2026-07-14,Cライン,1413,1264,1237,27,480,439.1
2026-07-15,Cライン,1457,1334,1307,27,480,441.7
2026-07-16,Cライン,1371,1217,1190,27,480,441.9
2026-07-17,Cライン,1449,1262,1229,33,480,438.6
2026-07-20,Cライン,1406,1306,1286,20,480,436.6
2026-07-21,Cライン,1421,1187,1162,25,480,413.6
2026-07-22,Cライン,1378,1279,1253,26,480,449.0
2026-07-23,Cライン,1405,1342,1306,36,480,459.7
2026-07-24,Cライン,1411,1223,1197,26,480,430.1
2026-07-27,Cライン,1415,1056,1036,20,480,366.0
2026-07-28,Cライン,1410,1265,1245,20,480,435.4
2026-07-29,Cライン,1417,1231,1205,26,480,432.3
